{
    "result_plus": {
        "dbpedia_5": 0.07363555555555573,
        "dbpedia_10": 0.09163888888888905,
        "lmdb_5": 0.08188888888888894,
        "lmdb_10": 0.04815780423280427
    },
    "total_average": {
        "dbpedia_5": 0.07363555555555573,
        "dbpedia_10": 0.09163888888888905,
        "lmdb_5": 0.08188888888888894,
        "lmdb_10": 0.04815780423280427
    }
}