{
    "result_1": {
        "dbpedia_5": 0.17944444444444446,
        "dbpedia_10": 0.2735638095238093,
        "lmdb_5": 0.15685555555555566,
        "lmdb_10": 0.1303683862433863
    },
    "total_average": {
        "dbpedia_5": 0.17944444444444446,
        "dbpedia_10": 0.2735638095238093,
        "lmdb_5": 0.15685555555555566,
        "lmdb_10": 0.1303683862433863
    }
}