dbpedia_5, dbpedia_10, lmdb_5, lmdb_10
6.1348272154516295, 7.983829477640201, 23.40035123665161, 19.021633171889047
