dbpedia_5, dbpedia_10, lmdb_5, lmdb_10
6.137895075512075, 7.985530122769744, 23.397736071884037, 19.019671363889085
